rating,date,review
5.0,2025.06.09.,"같은학년 아이들끼리 묶어서 너무 좋은 경험 했습니다.
즐겁게 경복궁을 알게되어 행복해했어요! 
힘드셨을 재민쌤께 감사의 인사를 드려요🫶🏻"
5.0,2025.06.04.,선생님이 정말 활기차시고 굉장히 더운 날이었는데도 아이들이랑 사진도 찍어주시고 재밌게 수업하셔서 다음에도 재민쌤 수업 듣고싶다고 했어요~ 선생님 배정이 랜덤이다보니 아쉽지만 ... 더보기
5.0,2025.06.04.,"다현쌤 아이들이 최고였대요
설명도 잘해주시고 아이들에게 다정하게♡"
5.0,2025.06.02.,하루를 아주 꽉채워 뜻깊은 하루였네요. 조카들 신청했는데 너무 너무 좋아했어요. 아이들에게 경복궁에 대해서 선생님의 수업과 함께 많은걸 알 수 있어서 뿌듯한 하루였어요! 다 끝나고 후기 ... 더보기
1.0,2025.06.02.,"아이 친구들과 같이 예약을 해서 경복궁에 다녀 왔는데,
그냥 둘러보는 것 보다 선생님과 함께 하니 더 많은 걸 배워왔고 엄마들은 편히 브런치를 하며 기다리기 좋았어요^^ 선생님이 친절하시고 아이들 사진도... 더보기"
5.0,2025.06.01.,아이들에게 종말 뜻깊은 시간이였어요 :-) 기회를 만들어 다른 체험더 해보고 싶네요~ 최서진선생님 감사합니다🫶
5.0,2025.05.26.,"10살, 8살 아이들과 다녀왔습니다. 주말 오전이라 사람들이 많았지만 선생님께서 하나하나 설명을 잘 해주시고~ 아이들도 잘 이끌어 주셔서 끝까지 재미있게 투어 했습니다. 저랑 신랑도 선생님 설명 덕분에 더 유익하게 관람할 수 있었습니다."
5.0,2025.05.26.,문화재에 큰 관심이 없던 가족이 너무 재미있게 설명을 들었습니다~ 빠르게 시간이 흘렀습니다. 감사합니다
5.0,2025.05.25.,"1, 3학년 남매를 동시 신청했는데  2학년 2명과 함께 4명으로 그룹수업 진행되었어요
그냥 경복궁만 보자하면 아이들은 재미가 없었을텐데
선생님과 함께 교재를 가... 더보기"
5.0,2025.05.18.,"초등학생4명 7살1명. 단독팀으로 수업들었어요
아이들이 역사에 대한 관심과 필요성이 증가하면서
그... 더보기"
5.0,2025.05.14.,시큰둥하게 갔지만 재미있는 부분도 있었다며 선생님께 들은 내용을 종알종알 이야기해줬습니다. 재민선생님 또 만나서 다른 궁도 가보고 싶다고 했어요. 짧지않는 시간인데 즐겁게 투어 이끌어주셔서 감사합니다!!!
5.0,2025.05.12.,"첫 티처투어 대 성공 ⭐️⭐️⭐️⭐️⭐️
초등 1학년이라 투어 시간이 너무 길지는 않을까?
완전 기... 더보기"
5.0,2025.05.12.,아이가 엄청 즐겁고 유익해했어요 :) 선생님 너무 친절하시고 다정하세요! 강추합니다
5.0,2025.05.12.,"우선 어이들이 선생님이 최고 라고 하더라고요~~
선생님 차분하시면서 설명도 잘해주시고~~
너무 만족했어요~ 다음에도 선생님 지정해서 하고 싶어요"
5.0,2025.05.12.,아이들이 정말좋아했어요^^
5.0,2025.05.06.,티처투어 덕분에 아이들에게 좀 더 유익한 시간을 만들어 줄 수 있었습니다. 아이들도 재미있게 배울 수 있었다며 좋아했네요. 중간 중간 아이들 사진도 남겨 주시고! 경복궁 투어 참여했는데 다음에는 다른 곳에... 더보기
5.0,2025.03.23.,수줍음이 많은 아이라 처음엔 가기싫다고 해서 저도 살짝 걱정을 했었는데 선생님이 재밌게 설명도 잘해주시고 이끌어주셔서 프로그램 끝나고 왔을땐 너무 재밌었다고 좋은 추억생겼다고 하더라구요ㅎㅎ다음에 또 신청할게요~^^
5.0,2024.11.11.,선생님도 너무 좋으셨고  오랫만에 찾은 경복궁은  변함이 없이  너무 좋았네요   즐거운 수업이였고 행복한 하루였습니다
5.0,2026.06.09.,6월 봄 가을에만하는 야간 오픈이라 다냐왔고 가볼맘 함.
5.0,2026.06.08.,"모둔 건축물이 웅장하고, 멋있습니다👍🏻
(외국인 친구가 왕이 앉는 자리보고 갑자기
저렇게 딱딱한 의... 더보기"
5.0,2026.06.02.,좋은 추억 남기고 갑니당 ㅎㅎㅎ
5.0,2026.05.13.,사람많당
5.0,2026.04.02.,경회루 옆길로 향원정까지 가는 길이 넘 좋음
5.0,2026.02.17.,"경복궁은 몇 번을 가도 늘 새롭게 예쁜 곳인데, 이날은 특히 “한복 입은 사람들” 때문에 더 특별하게 느껴졌어요. 서울 한복판, 광화문을 지나 경복궁 안으로 들어서는 순간부터 분위기가 확 바뀌잖아요. 차 소리와... 더보기"
5.0,2025.12.13.,대조선의 기개의 위엄을 느껴보실 수 있습니다.
5.0,2025.10.07.,관악산을 보고 있는 해치..
5.0,2025.09.18.,"야간개장 티켓팅 성공해준 짝꿍 덕에 다녀왔는데
항상 보던 낮이랑 또 다른 느낌이었어요 반대편에는 화려한 건물들이 보이고 대비되게 고요한 경복궁을 풀벌레 소리를 들으면서 감상하기 좋았습니다"
5.0,2025.07.08.,야간개장 필 방문
5.0,2025.05.21.,"볼수록 웅장한 경복궁🥹

낮에 와서도 몇 번 봤지만
야간개장... 더보기"
5.0,2025.05.06.,좋았당
5.0,2025.01.21.,Cool
5.0,2024.11.15.,서울에서 제일 좋아하는 종로! 그 중에서도 왕실의 주요 궁궐인 경복궁. 11월 중순이지만 이상기후?로 유난히 날이 따뜻해서 외국인 관광객도 많고 평일임에도 사람들이... 더보기
5.0,2024.10.07.,"쌀쌀해져서 한바퀴만 돌았는데  담요 갖고 다니세요^^
야간개장 보고왔습니다^^"
5.0,2024.10.05.,궁궐을 이 가격에 볼 수 있다는 게 해외여행 때 입장료랑 비교할 때마다 놀람. 야간개장도 강추
5.0,2024.08.24.,"다시가보고싶은 경복궁
더운 여름보단 시원한 봄가을에 다시가고싶어요"
5.0,2024.06.05.,볼거리도 많고 다양한 체험과 행사를 볼 수 있었어요 사람들이 한복을 입고 경복궁을 다니는 모습들이 옛 세상을 떠올리게 하는 경험이었어요 좋았어요
4.0,2024.04.11.,궁 좋다..
5.0,2024.03.19.,"Gyeongbokgung is way bigger and more beautiful than I had originally thought. There's so many cool looking structures, the walkways were well kept, and the trees and other nature were awesome too! I definitely wanna come back next year :)"
5.0,2024.02.22.,"너무 웅장하다.....
조선 총독부 부수길 잘한 것 같은 곳
다음에 또 오고 싶다"
5.0,2023.11.14.,"another mandatory and must-visit place in Korea, if u wearing hanbok you can entry gyeongbok palace for free :)"
5.0,2023.10.13.,"amazing place with an good show , this is a must have while visiting Seoul."
5.0,2023.09.25.,"너무너무 좋아요ㅠㅠ
너무 예쁘고 아름다워요.....😍
야간개장도 입장료 3천원이에요!"
4.0,2023.09.25.,"별빛야행 가격대는 좀 있으나 정말최고였음. 한번쯤은 꼭 다녀올만한곳. 음식도 매우좋고

23.9월 야간개... 더보기"
5.0,2023.09.17.,"입장료 3,000원 / 65세이상 무료"
5.0,2023.09.04.,"경복궁에 갓더니 눈물이 낫어… 전생에 난 뭐엿을까?
2023. 09. 01."
5.0,2023.08.11.,"한국인이라면 외국인이라면 , 한국을 방문한 인간이라면 꼭 한번은 와봐야 하는 곳
역사 교육적인 장소로서도 최고"
5.0,2023.08.07.,처음 경복궁 가봤는데 입장료도 무료에 풍경도 예뻐서 마음에 들었어요! 다음번에는 좀더 여유로울때 가서 세세하게 구경하고 싶어요
5.0,2023.06.29.,"그냥 구경다니는 것보다 해설 들으며 다니는 게 더 재밌어요. 오전 10시, 오후 2시에 진행하는 수문장교대식도 볼만했고요. 경복궁 내부에는 식수대가 없으니 꼭 물을 챙겨가야해요."
5.0,2023.06.14.,서울에서 경복궁은 꼭 가봐야 함. 다만 근방에 음식점이 없음. 미리 찾아 볼 것
5.0,2023.06.06.,외국잉칭구 사귀기도 좋아요
5.0,2023.05.28.,"올해만도 세번째
장고 열릴 때 처음이라 더욱 좋았다
아무리... 더보기"
5.0,2023.05.22.,야간개장 했을 때 들렸는데 너무 분위기 좋았어요
5.0,2023.05.03.,날씨 좋을 때 꼭 가보세요~!
5.0,2023.04.27.,"2023년4월27일 목요일 평일인데 
외국인,관광객이 많다."
5.0,2023.03.30.,나들이
5.0,2023.02.17.,Nice palace
5.0,2022.08.21.,"해설과 함께 둘러보시는걸 추천합니다
가을에 또 올거에요"
5.0,2026.07.21.,경복궁 너무이쁘구용 한복대여하면 무료니까 꼭 한번쯤은 한복대야하세용 추천하께엽 그리고 뷰가너무 좋차느아아!짱입니닷 감샤해용
5.0,2026.07.16.,경복궁!
5.0,2026.06.08.,"야간개장으로 다녀왔습니다!
낮과는 또 다른 분위기와 단아한 화려함이 돋보여서 좋았습니다!
제미나이한테 장소에 대한 설명과 여기에 얽힌 재미있는 ... 더보기"
5.0,2026.06.07.,3천원으로 충분히 즐길수있음
5.0,2026.06.03.,체험학습으로 감
5.0,2026.05.18.,"한번 이상 다시 가보고 싶은 곳입니다.
한국은 역사가 살아 숨쉬는 곳 경복궁 꼭 가보세요~~"
5.0,2026.05.16.,이게 한국이다
5.0,2026.05.16.,"서울 5대 고궁 중에는, 제일 웅장하고 멋집니다. 오늘날의 '연회장'인 '경회루'를 배경으로 사진 찍으면, 인생사진을 건질 수 있... 더보기"
5.0,2026.05.11.,"- 경복궁
- 주소 : 서울시 종로구 사직로 161
- 입장료 : 3,000원 / 한복 착용 시 ... 더보기"
5.0,2026.05.06.,날씨 좋을때 가면 너무 좋고 시설도 잘 되있어서 좋음!!!!!♥️
4.0,2026.04.01.,대한민국 수도의 중심이었던 곳. 화려한 장식과 수려한 궁들이 즐비한 이곳. 가끔 노을 보며 구경하면 최고입니다.... 더보기
4.0,2026.03.29.,좋아요!!
5.0,2026.03.15.,냥~!... 더보기
5.0,2026.03.01.,경북궁이 좋은 장소입니다.
5.0,2026.02.14.,우연히 교대의식을 볼 수 있었습니다
5.0,2026.01.30.,"Cheap tickets (free if you go wearing a hanbok traditional outfit), very very big field.

We... 더보기"
4.0,2026.01.17.,"조선왕조의 역사가 살아있고, 조선 500년 역사를 알아볼 수 있던것 같습니다.
야경도 좋아요"
5.0,2025.12.09.,"경복궁
경복의뜻ㅡ새 왕조가 큰 복을 누려 번영할것
1395년(1대 태조4년) 창건
     남문(사정문)ㅡ동문ㅡ서문 ... 더보기"
5.0,2025.12.09.,단풍이 물든 경복궁은 산책하기 좋아요
5.0,2025.11.30.,뷰가 아주 좋고 시설도 좋다.
5.0,2025.11.26.,For  Our beloved Free Korea 🇰🇷 내란은 없었다 🇰🇷쭝궈런 아웃 멸공
5.0,2025.11.22.,"한국인보다 외국인이 왜 더 많을까?
우리나라에 있는 데인데
🐧🐧🐧🐧🐧🐧🐧"
5.0,2025.11.16.,"[국가유산방문코스] 
왕가의 길 2
94p / 경복궁(88번)
입장료가 있습니다. 

도장은 ... 더보기"
5.0,2025.11.15.,한국 방문 행사로 무료 입장했지만 돈주고라도 또 오고 싶네요.
5.0,2025.11.11.,안 쪽이 아주 예뻐요!! 경복궁 가을은 첨 와봤는데 단풍 궁궐이 참 아름다워요. 사계절 다 와보고 싶어요😍
5.0,2025.11.07.,A lovely place to visit and dress up in a 한복.
4.0,2025.11.01.,"좋은시민의식 좋아요 😀 
산책로 좋아요"
5.0,2025.10.31.,"올해 여름 운이 좋게 별빛야행과 야간 개장 다녀 옴.
경복궁은 계절마다 주야간 모두 가봐야 함.
오늘은 추석연휴 무료개장이라지만, 관람객이 이렇게 많은건 처음 봄. 내외국... 더보기"
5.0,2025.10.31.,날씨가 좋아서 완벽한날
5.0,2025.10.26.,유정화 변호사는 김건희 경복궁 근정전 어좌 착석 논란과 관련 사진 유포자가 누구인지 알고 있다면서 악의적인 사진... 더보기
5.0,2025.10.19.,"비오는날 경복궁은 최고입니다 ❤️
 처마밑에서 비똑똑 떨어지는 소리 들어보세요 
경치가 최고에요 👍🏻"
5.0,2025.10.18.,경치 좋은 곳
5.0,2025.10.12.,"도심 내 궁의.야경은 어떤 느낌일까?
나름의 조화에 감탄하는 하루~"
5.0,2025.10.11.,"서울의 대표적 관광지.
우리나라의 대표적 관광지.
설명할 필요없다. 500년 조선의 법궁 격식에 맞게 잘 지어졌다. 조선의 건국으로 축조, 왜란때의 아픔으로 소실, 흥선대원군이 다... 더보기"
4.0,2025.10.09.,"went during Chuseok, and admission was free. very crowded. the walkways weren't very stroller friendly (large uneven stone road), but... 더보기"
5.0,2025.10.06.,"Been there 4 times, I guess it speaks for itself.  I'm sure there will be 5th and 6th and so on.."
5.0,2025.10.05.,👏🏻👏🏻👍🏻
5.0,2025.10.04.,"야간 개장했을때 몇 년전 핸드폰으로 찍었던 사진들이네요.. 상시 야간 개장을 했으면 좋겠습니다..
이 좋고 멋진 곳을 6시에 종료라뇨…"
5.0,2025.09.27.,"매일보지만
조선왕들은 별로 안좋아했다지만
아직 여기가 한국 일등 관광지"
5.0,2025.09.26.,"야간관람 후기
금요일 저녁 7시 좀 넘어서 입장했는데 사람 너무 많아서 기빨림 ㅜㅜ
풍경은 아름답지만 사람 너무 많아서 사진 찍기... 더보기"
5.0,2025.09.25.,야간개장 강추
5.0,2025.09.13.,케데헌 때문인지 외국인들이 많아요 암튼 예뻐요
5.0,2025.08.24.,좋아요.
5.0,2025.08.24.,"입장료 3천원
일요일이라 그런지 대부분 외국인이네요.
근... 더보기"
5.0,2025.08.06.,굿굿  진짜 경복궁은 언제가도 최고인것같아요 광화문 경복궁 청와대까지 즐거운 투어였습니다
5.0,2025.08.01.,서울에 처음 왔다면 필수코스
5.0,2025.07.28.,"경복궁 별빛야행 
인생에 꼭 한 번은 가보면 좋을 경험입니다"
3.0,2025.07.24.,조선의 첫 궁궐이자 서울의 대표 명소 경복궁은 사계절마다 특별한 매력을 전합니다. 1395년 태조 이성계가 건립한 이 궁궐... 더보기
5.0,2025.06.30.,엄마와 오랜만에 데이트했어요.  해설분님 따라다니면서 너무 좋은 시간이 되었습니다
5.0,2025.06.20.,경복궁 수문장 교대식👍
5.0,2025.06.17.,"조선의 정궁.
태조 이성계가 지은 후 임진왜란 때 불타 없어졌으며,이후 흥선대원군이 다시 중건하였다.이후 일제 시대 일부 철거를 거쳐 현재 복원 중에 있다.서... 더보기"
5.0,2025.06.12.,"서울 다섯궁궐중 하나인 경복궁

경복궁은 조선의 법궁이다. 조선건국때 최초... 더보기"
5.0,2025.06.06.,서울 여행 필수 코스 인정합니다. 진짜 멋있고 커서 보는 재미가 있네요.
4.0,2025.05.31.,아니 진짜 시설도 좋고 풍경도 너~~무 좋긴 한데 바닥에 벌레 들이 막 들끓고 있어서 너무 놀랐어요;; 제발 벌레들만 없애주신다면 완벽해서 별... 더보기
5.0,2025.05.25.,"주말 주차는 못한다 생각허세요...
경복궁 참 좋습니다 입장료는 인당 3,000원!"
5.0,2025.05.23.,근위대
5.0,2025.05.19.,한국하면 역시 궁이죠! 수문장 교대의식도 너무 멋지고 웅장했어요
5.0,2025.05.18.,조선시대 왕국으로 고대건축기술을 볼수 있는 곳입니다.
5.0,2025.05.13.,자꾸 나도 모르게 국뽕이 차오르게되는곳
4.0,2025.05.08.,"⭐️⭐️⭐️⭐️…
여기…가볼만해요…👍…"
5.0,2025.05.06.,며칠전에 여기로 수학여행 갔다왔는데 좋았습니다!
5.0,2025.04.29.,"도심속에 위치한 경복궁은 언제나 걷기 좋은 공간입니다.
이 아름다운 곳에서 비참한 최후를 맞이했던 이들의 원혼~

곤녕합
Gonnyeonghap Hall
곤녕합... 더보기"
5.0,2025.03.25.,"You can never get tired of Gyeongbokgung Palace. You can hire some traditional clothing, get some photos done or just enjoy the... 더보기"
1.0,2025.03.15.,"윤석열 때문에 클랐네 이거 
제발 3호선 에서는 조용히
우리아들 10세 얼굴 맞았단 말야ㅠㅠ"
5.0,2025.03.15.,넓은 주차장에 항상 주차하기가 힘들어요. 한여름을 제외하면 어느 시간 어느 계절에 가도 도심 속 색다른 분위기를 느낄 수 있어요. 복원 공사는 오래 걸려도 좋으니 제대로 됐으면 좋겠네요.
4.0,2025.03.03.,봄이나 가을에 가면 좋을 거 같네요 저는 여름에 갔기 때문에 너무 힘들었네요
5.0,2025.03.02.,"Respect the palace and rule. tourists! 
Don’t go inside fence when there is the fence. 
Fence is not just an exterior design. It means d... 더보기"
4.0,2025.02.17.,문화재가 너무 잘 보존되어 있어요!
5.0,2025.02.01.,"너무 좋은 서울의 랜드마크
또 가고싶다

... 더보기"
5.0,2025.01.30.,조선의 법궁
5.0,2024.12.22.,최고 역시 대한민국
4.0,2024.12.03.,"The Gyeongbokgung Palace is huge and you can walk around the grounds freely, taking in the sights.
There is an entrance fee bu... 더보기"
5.0,2024.11.17.,"조선왕조 개국 4년째인 1395년테초 4에 처음으로 세운 으뜸 궁궐이다. :하늘이 내린 큰 복""이라는 뜻으로 경복궁했페법이라 이름 지었다.
북악산을 주산으... 더보기"
5.0,2024.11.16.,언제 가도 좋은 곳
5.0,2024.11.14.,"24.11.13/경복궁방문 은행나무 정말멋집니다
십장생굴뚝 앞 청소하는 삼성 사람들은
더 멋집니다 역쉬💖💖"
5.0,2024.11.10.,"2045년까지 계획으로 여전히 재건중인 조선시대의 법궁
■ 오늘의 관람경로 
광화문~흥례문~영제교~근정문~근정전 (계조당, 자선... 더보기"
5.0,2024.11.07.,"1-4사진 24.11.07 / 5-9 사진 23.02.27

가을에는 처음 가봤는데 새로운 느낌이었습니다 멋진 풍경이어요 .. ჱ̒ ｰ̀֊ｰ́ )"
5.0,2024.10.22.,밤에보는경복궁 멋있어요.
5.0,2024.10.06.,우리나라의 대표적인 궁궐~그리고 경복궁이 얼른 완전히 복원이 됐으면 좋겠습니다😀
5.0,2024.10.06.,아주 좋아요❤️
5.0,2024.09.18.,경복궁은 더이상의 설명이 필요 없는  곳이지요
4.0,2024.09.14.,"조선 건국이래 임진왜란때 한번 다 태워먹고
구한말 백성들 고혈을 짜 재건했건만 일제에 또 다시 훼손돼 현재는 10%정도밖에 복원되지 못해 웅장한 위엄이 사라져버... 더보기"
4.0,2024.09.08.,근정전과 버드나무의 조화가 너무나도 예쁘고 멋있었어요
5.0,2024.08.26.,아이와 방문하기 좋아요
5.0,2024.08.22.,역시 언제나 와도 멋지다
5.0,2024.08.03.,"여름엔 뜨거운 볕에 걸어다니기 힘들지만
볼거리도 많고 갈때마다 눈이 즐거운 곳인거 같습니다:)"
5.0,2024.07.18.,조선왕조 500년에 향기가 느껴졌다 정말 좋았다나들이
5.0,2024.06.30.,와 뷰 지렷따ㄷㄷㄷㄷㄷ
4.0,2024.06.15.,민속박물관 쪽으로도 입장했는데 공사로 막힘. 홈페이지에 미리 공지해주지. 어르신들 힘드심.
5.0,2024.06.05.,한복입은사람도많고 구경하기좋아요~ 기념품 귀염뾰쨕
5.0,2024.05.08.,랜드마크 건설
5.0,2024.05.05.,대한민국 대표 궁궐. 향원정의 아름다움은 단연코 으뜸. 봄이나 가을에 오면 경복궁의 진면목을 느껴볼 수 있습니다.
5.0,2024.04.27.,"한국을 대표하는 궁궐로, 중국과 일본보다 더 빠르게 한국에 전기가 처음으로 들어온 곳이기도 하지만, 일본의 침략으로 명성왕후께서 잔인하게 시해를 당한 가슴아픈 역사가 있는 장소이기도 합니다."
5.0,2024.03.22.,나만의 공간 경복궁
5.0,2024.02.17.,나들이 벚꽃명소 단풍명소
5.0,2024.02.13.,경회루를 감상하니 멋있어요
5.0,2024.02.10.,오랜만에 가족들과 명절에 들렸어요~ 사람이 엄청 많았지만 가족사진도 찍고 근처에서 맛있는 간식도 먹고 즐거운 시간 보냈네요~
5.0,2024.02.09.,"산책하기 좋음
예쁨"
5.0,2024.02.09.,너무 자랑스럽고 멋집니다.
4.0,2024.01.28.,사람들도 많고 더워서 지하에 있는 커피숍도 갈 만 했어요. 그리고 경복궁 참 예쁘고요. 좋았어요. 다시 한번 가 봐도 괜찮을 것 같아요.
5.0,2024.01.05.,너무 아름답고 옛 선조의 지혜로 지어진 아름다운 건물입니다
4.0,2023.12.28.,"사극 세계에 있는 기분이 돼요. 
한복을 입고 들어갔기 때문에 입장료는... 더보기"
5.0,2023.11.25.,"서울에 산다면, 사계절을 눈에 담고 싶은. 예쁘지 않은 계절이 하나도 없는 그런 곳입니다♡"
5.0,2023.11.24.,언제가든 멋있는 곳
5.0,2023.11.16.,나들이
5.0,2023.11.10.,"14세기 궁전인 경복궁은 모든 한국 시민과 관광객이 평생에 한 번은 봐야 할 명소입니다. 알아야 할 사항은 다음과 같습니다:
I. 서비스
경복궁의 입장은 무료입니다. 입구 외부에는 신발에서 땅에... 더보기"
4.0,2023.10.31.,나들이
5.0,2023.10.28.,"So nice 우리의 자랑 경복궁
영원했으면"
4.0,2023.10.25.,"매달 마지막 수요일, 무료입장이라 다녀왔어요
완전 전체 노랑은 아니였지만 무르익고 있음을 느낍니다
다른 궁에 비해 면적은 넓은데 효율적이지 못함이... 더보기"
3.0,2023.10.24.,나들이
5.0,2023.10.18.,굿굿굿 👍
5.0,2023.10.09.,분위기 있고 탁트여서 산책하기 좋습니다.
5.0,2023.10.02.,경치가 너무 좋았습니다^^
5.0,2023.09.24.,인생샷 건짐😄
5.0,2023.09.20.,아름답고 분위기 있어요!
5.0,2023.09.20.,정말 위엄이 느껴지는곳이였어요! 원래 훨씬 더 큰 궁궐이였지만 일본에 의하 이만한 크기로 줄어든것이 정말 안타깝네요ㅠㅠ 원래크기였다면 얼마나 더 웅장했을지 ㅠㅠ 한창 더울때가서 무척 덥기는 했지만 ... 더보기
4.0,2023.09.18.,"For one person, only 3 000won 
I really enjoyed the view 😁 beautiful monuments"
4.0,2023.09.15.,가을바람솔솔부는날가까운산책코스
5.0,2023.08.28.,경복궁은 1395년 태조 이성계에 의해서 새로운 조선왕조의 법궁으로 지어졌다. 경복궁은 동궐(창덕궁)이나 서궐(경희궁)에 비해 위치가 북쪽에 있어 ''북궐... 더보기
5.0,2023.08.27.,"찜통이긴 하지만 예뻤던 경복궁~♡♡
가을에 하늘이 파래서 더 예쁘게 찍힐것 같아 추천합니다. ㅎㅎ"
5.0,2023.08.23.,오전 10시 쯤에 갔을 땐 어떤 행사 하더라고요? 태평소 불고 북치고 ㅎㅎ 나중에 올 땐 그 때 쯤에 와야할듯. 여름이라 제대로 보지도 못하고 경회루도 예약 안하면 못들어가서 아쉬웠음!
5.0,2023.08.18.,"무료 설명을 해주고
문화재가 많다"
5.0,2023.08.12.,굿이요 수문장교대식 추천합니다
5.0,2023.08.06.,"한복입고 가면 입장료 무료~
나들이 겸 한복입고 경복궁 가보고싶었는데 포토존 넘 좋았어요"
4.0,2023.08.05.,"I come with my friends but this not first time, maybe i will come again"
5.0,2023.07.27.,"아름답고 고즈넉한 곳♡♡♡♡♡
가까이 살면 자주 가고 싶네요
갈 때마다 다른 정취를 느낄 수 있어요~!"
4.0,2023.07.25.,사람도 북적하고 근처 돌아다닐 곳도 많음
5.0,2023.07.23.,진짜 커서 다 못봄 대단하다
5.0,2023.06.28.,볼 것은 많지만 다리가 아프다. 그래도 뷰는 좋다.
5.0,2023.05.29.,"경복궁하면 경회류와 향원정은
말로 표현할 수 없어요 너무 멋짐
계절마다 분위기가 ... 더보기"
5.0,2023.05.24.,경복궁은 언제가도 구경하기좋고 또가고싶은곳
5.0,2023.05.22.,너무 예쁘고 좋았어요
5.0,2023.05.14.,사족과 갔지만 몇분 후에 비가 내려 구경을 많이 못해서 아쉽지만 사진은 건졌다#포토존
5.0,2023.05.10.,"문과 창 사이로 비치는 햇빛, 단청과 나무의 오래된 색감."
5.0,2023.05.09.,너무 아름다워요
5.0,2023.05.06.,아름답고 옛날 느낌 나고 넓어서 좋음
5.0,2023.05.05.,경복궁 넓고 구경할것도 많고 이뻐요
5.0,2023.05.03.,말이 필요없는 곳이죠. 시간날 때마다 가고 싶은 곳입니다.
5.0,2023.05.03.,언제가도 아름다운 경복궁! 궁중문화축제중이라 다양한 볼거리도 있어 좋았습니다 👍
5.0,2023.04.24.,야간 개장 너무 이쁘게 잘 보고 나왔습니다!
5.0,2023.03.23.,좋아요!
5.0,2022.09.11.,"서울에 이런 곳이 있다니 최고네요!!!

또 가도 또 좋은 곳"
5.0,2022.08.29.,대한민국 원탑 관광지
5.0,2022.05.29.,"경복궁 10년?만에 방문&야간개장 첫 방문
우리나라 궁은 역시나 아름답네요~
토요일에 갔더니 인파가 장난 아녔던 기억이ㅎㅎㅎ"
5.0,2022.05.02.,야간개장 굿
5.0,2022.04.25.,언제가도 좋은 경복궁 :)
5.0,2022.04.16.,정말 웅장하고 멋져요!
4.0,2022.04.08.,왜 야간관람을 상시화 하지 않는지?
5.0,2022.03.05.,"역시 대한민국 우리나라!!!!
너무 웅장하고 깨끗하고 멋있어요~~♡"
5.0,2022.03.01.,서울 맛집입니다 봄에 오는거 추천요
5.0,2022.02.24.,밤에도 아름답네요
5.0,2022.01.30.,대충 둘러봤지만 생각보다 넓어서 한시간 반정도 걸렸음.
5.0,2022.01.22.,"눈이 오면 꼭 기볼만한 곳 입니다
모두가 행복해지는 시간"
5.0,2021.12.19.,"아이가 걷지를 않아요!^^
최애 놀이터. .

... 더보기"
5.0,2021.10.24.,very interesting place to visit and see here in Seoul city I love it to much
3.0,2021.10.06.,주말에도 가족같이 산책도하고 좋은추억에 남으면 좋아하겠어요 병때문에 힘내시고 우리모두가 화이팅입니다 힘내시길
5.0,2021.05.09.,"일년..  365일..사시사철..
봄,여름,가을,겨울
1/4~4/... 더보기"
5.0,2020.12.17.,경복궁은 그냥 이쁘고 멋있어요
5.0,2020.12.02.,멋짐
5.0,2020.11.19.,"경복궁도 몇년만에 가보는거고 야간개장은 처음이었는데 너무 좋았어요. 궁궐도 정말 아름답고 조명도 은은하면서 그윽한게 확실히 운치가 있네요. 
코로나로 국내의 이곳저곳을 많이 다녀보면서 느낀 점... 더보기"
5.0,2020.11.15.,산책하기 넘 좋은곳 이쁘다
5.0,2020.10.30.,.
5.0,2020.08.12.,북악산 인왕산의 멋진 모습을 감상할 수 있어 더 좋은 곳.
2.0,2020.02.27.,경회루 바라보는 벤치 앞에 화장품 샘플 반쯤 묻혀져 있음. 청소는 좀 하세요. 아마 문화재청에서 싸게 용역계약 했나보네. 인건비 줄일라고 청소하는 사람 없앴나 봄. 그리고  오후 4시부터는 안에 있는 사람들... 더보기
5.0,2019.11.08.,"너무 좋았음..
5시에 퇴장..이 좀 아쉬움"
1.0,2019.10.13.,무료인 사람이 누군지 표 끊고 안에 들어가면 명시해놓은 안내장을 넣어놓고는 키오스크에는 무료라고 적어놓지도 않고 5시에 문닫고 닫힌 문 바깥(열렸을때는 안보였음)쪽에 명시한게 드디어 보... 더보기
5.0,2019.01.19.,한국전통을 간직한 관광지
4.0,2016.09.05.,16.09.04
5.0,2026.07.19.,복원이 더딘 것이 아쉬움
5.0,2026.07.06.,너무 멋지고 아름다워서 좋아요.
5.0,2026.06.14.,봄에 예뻐요
5.0,2026.05.29.,좋아요
5.0,2026.05.29.,멋진사진을 많이찍었다
5.0,2026.05.25.,몇년전만해도  한복을 입은 관광객은  2프로도 안됐었는데  이제는  한복은 입지 않은 관광객을 찾는것이 더 빠르겠다는 생각이...그만큼 한국을 찾는 외국인들도 많고 한복을 입고  당당히 다... 더보기
5.0,2026.05.24.,역시 우리 문화유산 짱짱짱!
5.0,2026.05.21.,"Expansive, colorful palace connected to Line 3, with gardens at the back, and the National Folk Museum a few steps away."
5.0,2026.05.18.,"☆☆☆☆☆ 3시간 이상 거리에서도 방문 가능
☆☆☆☆ 3시간 이내 거리에서 방문 가능
☆☆☆... 더보기"
5.0,2026.05.17.,더웠는데도 넘 좋았어욥
5.0,2026.05.16.,"캬, 역시 조선의 수도 한양답게 정말 뷰티풀한 한옥 궁채의 멋짐! 설마 안가본 사람은 없죠?"
5.0,2026.05.15.,"더웠는데도 계속 보고싶을만큼 알찬구경이었어요!!❤️
다음에또가구싶ㄷㅏ.."
4.0,2026.05.15.,운영시간은 6시까지지만 5시 30분이면 쫒아내요.. 근데 문제인건 모든 사람한테 그렇지는 않더라고요. 일부 사람들을 먼저 나가라고 하는 건 뭘까요?관리인들이 불친절하지만 그래도 우... 더보기
4.0,2026.04.19.,"경회루 관람이 수목금토일인데 왜 수요일과 금요일만 예약 가능한가요?? 10:00, 오후 2:00, 오후 4:00 인데 왜 10시와 두 시만 예약 가능한가요? 외국인 위주의 관광은 이제 그만해야 하지 않나요? 입장료도 외국인에게 관... 더보기"
5.0,2026.04.03.,more
5.0,2026.03.22.,멋지고 자랑스러워요
5.0,2026.03.21.,Bts
4.0,2026.03.21.,주차 좋음 500년세월
5.0,2026.03.19.,친언니부대견학으로한번놀러온곳인데너무좋았다
5.0,2026.02.23.,경복궁 입장료 올려야함  3000원은 너무 싸서 외국인 관광객들이 궁에 대한 존중도 없이 근정전 창호지 손가락으로 다 뚫어놓고 시끄럽게 소리나 지름 시장보다 더 정신없음
5.0,2026.02.18.,좋아요
5.0,2026.02.14.,친구들이랑 자주가는데 진짜 갈 때마다 할 것도 많고 볼것도 많아서 재밌었음.
5.0,2026.02.08.,조선의 법궁중 하나. 1592년 임진왜란때 불탔으나 흥선대원군때 중건해서 우리가 지금보고있는 경복궁의 모습이 됌. 조선의 정취와 조선왕조의 발자취를 잘 느낄수 있어서 정말 좋음
1.0,2026.02.04.,ㅕ부
5.0,2026.02.01.,한국적인 곳 ㅎㅎ
5.0,2026.01.16.,시간 맞춰서 진행되는 무료 문화재 설명을 들으며(이게 무료라니 충격적임) 한곳 한곳 눈길을 머물다 보면 저절로 가슴이 웅장해지며 우리나라 문화 유산에 대한 사랑이 물씬 솟아오름. 입장료가... 너무 싸다... 더보기
5.0,2026.01.11.,산책하기 좋아요 또가고싶당
1.0,2026.01.08.,"망한 나라 헬조선 에  
궁은 많이도 만들었노"
5.0,2026.01.06.,"경복궁777번째후기 달성축하합니다 ㅋㅋㅋㅋ
갈때마다 느낌이 새로운 경복궁이네요."
5.0,2025.12.27.,어린이는 무료라 재밌게놀았어요
5.0,2025.12.09.,여긴그냥 최고임
5.0,2025.11.21.,중국인들 제발 그만와... 멸공🇰🇷
5.0,2025.11.18.,우리나라 요즘 엄청 유명해지긴했나봐요. 주말에 외국인분들 예전보다 엄청 많아진거 같아요.
5.0,2025.11.17.,너무 아름답고 멋진 곳이나 마루에 앉아있고 신발 신고 올라가는 외국인들의 행동을 제지할 수 있는 인원은 없다는 점이 아쉬웠음 그래도 국가문화유산인데....
5.0,2025.11.15.,그녀와의추억이남아있는곳
5.0,2025.11.11.,"놀기 좋아요, 밤에 가면 야경도 굳"
5.0,2025.11.09.,아기다리고기다리던경복궁을 간다
5.0,2025.11.05.,"너무좋아용♡♡♡
역사와 문화가 고스란히 남아있는 것 같애요^^♡~"
3.0,2025.11.05.,산책하기 좋은데 그저 그럼
4.0,2025.10.29.,경회루 예약제에요
5.0,2025.10.25.,"입장료 좀 올리세요
외국인들한테 좀"
5.0,2025.10.24.,해설사님의 강의를 통해 놓치기 쉬운 비하인드 스토리를 함께 할 수 있어 너무 좋았어요
5.0,2025.10.12.,"King Palace, it’s very beautiful everybody must be go"
4.0,2025.10.11.,"웅장 그 자체 👍 

사람이 많은게 함정"
5.0,2025.10.08.,늘 가고 싶은 곳
5.0,2025.08.28.,좋았습니다
5.0,2025.08.28.,👍
5.0,2025.07.31.,서울에 오면 1번은 꼭 가야한다.😀
5.0,2025.06.29.,야간 개장할때 다녀오시면 환상입니다
3.0,2025.06.23.,역사적 가치는 좋은데 입장료를 무료로 풀면
5.0,2025.06.03.,언제 가더라도 항상 웅장하고 아름다운 곳
5.0,2025.05.28.,날좋은날 가면 이쁨
4.0,2025.05.21.,제가 가장 좋아하는 경복궁의 모습은 다양한 나라의 방문객들이 사진을 찍으며 행복해하는 모습을 볼 수 있다는 점입니다. 더하여 한국에 남아있는 조선의 옛 모습을 간접적으로... 더보기
5.0,2025.05.06.,"경복궁의 설계 시공자는 김사행입니다.  고려말기 공민왕 때부터 대형 공사의 주역이었지만, 공민왕 사후에는 왕의 측근이었다는 이유로 노비가 되는 우여곡절을 겪기도 했습니다.  조선 왕조가 ... 더보기"
5.0,2025.04.28.,"아이들과 함께 하기 좋았어요
내부에서 체험참여도 가능하고 행사도 많으니 시간 가는지 모를정도로 볼거리가 많아요"
5.0,2025.04.15.,고궁느낌 지대로 나고 학생시절때 수학여행온 느낌나서 좋음
5.0,2025.04.15.,참아름답고  우리대한민국 역사의장소 이며 잘보존하고싶은곳 입니다.
3.0,2025.03.23.,행사같은 거 아에 아무것도 안할때는 그냥 딱히 재밌지 않음
5.0,2025.03.09.,경복궁은 지은것은 정도전의 노력입니다
4.0,2025.02.28.,"밥먹고 산책하고 외국인 구경하는 곳인가 싶네
한번쯤 다 가봤을텐데 눈 덮힌 겨울이 제일 이쁠거 같다
늘상 보던 모습이 평범해서 시즌별로 노려볼만"
5.0,2025.02.26.,GOOOOD
5.0,2025.02.25.,야간개장 ㄹㅈㄷ
5.0,2025.02.21.,갈 때마다 특변한 시간을 보내고 오는 장소입니다
5.0,2025.01.30.,한복 입는거 꿀잼이당
5.0,2025.01.13.,great palace with beautiful park
5.0,2024.12.25.,조선시대의 궁궐 중 하나로 임진왜란 때 불탄 경복궁을 흥선대원군이 재건하였지요
5.0,2024.12.09.,항상 좋은 관리환경
5.0,2024.11.29.,도심 내 최고
5.0,2024.11.25.,예쁨
5.0,2024.11.14.,정문반대담쪽 뒷담으로 나가는문이 있는데 나가시면 바로 청와대로 연결되어서 거기까지  돌아볼수 있어요
5.0,2024.11.06.,좋앙랏야ㅑㄹ터턋탸애ㅐ애ㅛ😛😙🤗😙😜🤗😜🥲🤗🤩🥲🤗😍😚🤩😚🤩
5.0,2024.10.29.,"볼거리가 많고, 외국 친구와 함께 방문해도 좋다."
5.0,2024.10.01.,🇰🇷
5.0,2024.09.29.,야간개장을 처음 다녀왔는데 너무 아름다운 추억이 되었다 언젠가 다시 방문하고 싶어지는 공간
5.0,2024.09.27.,"9/17 방문
사람이 너무 많았지만 오랜만에 경복궁 가니 좋앗ㅅ음
낮에 한번. 밤에 한번 갔는데 같은 장소 다른 느낌... 더보기"
5.0,2024.09.07.,경치도 좋고 안에서 공연도 하고 한복 입으면 무료입장이라 좋아요. 가족 나들이 하기도 좋고 데이트 하기도 좋은 것 같아요. 옆에 있는 박물관도 재밌었어요.
4.0,2024.09.06.,"한번쯤 가볼만한 곳....
자주 갈곳은 아닌듯..."
5.0,2024.08.11.,우리나라에서 제일 아름다운 곳!
5.0,2024.08.09.,급진파 신진사대부 정도전이 건설의 총책임을 맡았던 경복궁
3.0,2024.08.02.,인스타용 아니면 가지마삼 볼거는 없고 ㄹㅇ 사진찍는용임 외국인들이 절반이었음
5.0,2024.07.16.,사람많지만 워낙넓고 개방감있어서 바람쐬기 좋아요 이쁜한복까지 빌려입고 즐겼어요 ㅎㅎ
5.0,2024.07.16.,멀리나가지 않고도 서울중심에 이렇게 아름다운곳이 있다니 참 좋아요 💕
5.0,2024.07.07.,밤이 멋진! 아침또한 멋진! 감성이 풍부한 나의 마음속 보물
5.0,2024.06.29.,뷰와산책~~가끔씩다녀옴 고궁과능을좋아해서그런지 올때마다 마음과영혼이 구름위에서노니는거같음
5.0,2024.06.10.,멋지고 아름다운 우리 나라 궁궐인데 주말은 관광객이 너무 많고 더울 때는 그늘과 벤치가 부족해 돌아보기 힘드네요
1.0,2024.05.26.,○○○○
5.0,2024.05.26.,좋아요
5.0,2024.05.21.,단풍명소
5.0,2024.05.20.,우리나라의 궁전이고 웅장하다
5.0,2024.05.09.,나들이 벚꽃명소 굿!! 최고에요!!
5.0,2024.05.01.,경북궁이 이렇게 아름다운 곳인지 나이먹어서 알게됐네요. 사람들이 이렇게 많을 줄도 몰랐습니다;;;
5.0,2024.04.30.,두말하면 입아픈!! 언제나 종종 가는 곳
5.0,2024.03.23.,다시 가고 싶어요~~^^
4.0,2024.03.18.,갈때마다 좋네. 카페가 더 필요
5.0,2024.03.13.,나들이
5.0,2024.03.09.,한국 문화재 1등 설명끝
5.0,2024.03.08.,전통한복은 아니어도 예쁜 한복을 입은 사람들이 많아서 기분이 좋아진다
3.0,2024.03.01.,야경 굿
4.0,2024.03.01.,맛있고 분위기 좋고 아주 좋아요
5.0,2024.02.22.,한국의 멋이 느껴지는 멋있는 곳
5.0,2024.01.23.,"작년 가을, 아내와 딸과 함께 방문했었어요.
아내와 데이트할 때도 빌려 입지않았던 한복을 
부쩍 큰 딸이 입어봤네요~ㅎㅎ 이곳 저곳 거닐며 사진도 많이 찍고 두런두런 얘기도 ... 더보기"
5.0,2024.01.23.,도심속에 있는 궁 가볼만 해요
5.0,2024.01.15.,🇰🇷우리나라 대표하는 경북궁 맨날와도 멋있는 곳🇰🇷
4.0,2024.01.13.,날씨더좋을때가기
5.0,2023.12.23.,풍경 예뻐요!
4.0,2023.12.15.,화장실은 냄새 좀 나요.. 한번쯤 구경하기 좋습니다
5.0,2023.12.14.,우리나라의 명실상부 랜드마크
5.0,2023.12.05.,조선시대의 풍경을 정말 잘 담아낸 것 같아요!
5.0,2023.11.30.,아주 조아요^^
5.0,2023.11.24.,여기는 언제와도 좋아
5.0,2023.11.19.,넘 좋네용
5.0,2023.11.09.,"여름방학 때 갔는데 여름말고 가을에 가세요.
너무 더운 것 빼곤 좋았어요."
5.0,2023.11.05.,한복입고 돌아다녔어요. 도서관못가서 아쉬워요 4시까지인줄 모르고.. 단풍명소 포토존 나들이 !!!
5.0,2023.10.31.,"밖에서 보는것 보다 훨신 넓었고, 단풍이 드니 전체적으로 예뻤다."
5.0,2023.10.15.,"자주 가는데 갈때마다 좋아요
아름답습니다"
5.0,2023.10.14.,"너무 예쁘고
다른 건물들도 다 복원되기를 바랍니다!"
5.0,2023.10.09.,우리나라 대표 역사를 상징하는 건물
5.0,2023.10.06.,포토존
5.0,2023.10.05.,우리나라 문화유산중에 최고인거 같아요
1.0,2023.10.03.,너무 사람이 많아요
4.0,2023.09.27.,한복입고 가면 즐거움 2배
5.0,2023.09.15.,꾸준히 인기있는 명소 중의 명소
5.0,2023.09.14.,"처음 가본 경복궁야간개장
설래는 마음으로 입장. 많이 어두운 건 그 시절의 느낌을 살린건지  궁금함.
수원화성 야간개장보다 많이 어두움."
4.0,2023.09.05.,말해무엇할까요 한창더울때가서 조카 한복입은 모습을 못본게 한이지요ㅜ
4.0,2023.08.14.,서울 구경 오면 무조건 와야하는 곳
5.0,2023.08.10.,서울구경오면 필수
5.0,2023.08.08.,말해서뭐해
5.0,2023.08.01.,It’s no brainer! It’s a must visit place even if it’s crowded. Get into the spirit and rent a hanbok. I recommend stopping by a hanbok (Korean traditional outfit) place (many around/outside the palace) and ren... 더보기
5.0,2023.08.01.,우리네역사를 생각해볼수있는 하루엿씀니다
5.0,2023.07.31.,Fantastic!!
5.0,2023.07.29.,말이 필요 없죠~!~!
5.0,2023.07.23.,휴일에 좀 목상하고나 쉬러 가는것이 좋다.
5.0,2023.07.09.,"아.....내돈
태정태세문단세예성연중인명선광인효현숙영정순"
5.0,2023.07.03.,말 할 필요가 있나?
5.0,2023.07.01.,"일단 경치 레전드  심지어 밤되면 아예 폭발수준임
얘는 버스보다는 3호선 타고 가면 🐶꿀 임
어쨌든 추천"
5.0,2023.06.29.,이거지
5.0,2023.06.16.,회사 점심 회식으로 자주 가는 곳
5.0,2023.06.05.,애들 좋아라고 특히 이든이 너무 좋았음
5.0,2023.05.31.,"낮은 낮대로, 밤은 밤대로 아름다운 조선의 대표적인 왕궁으로 외국인과 내국인 관광객이 모두 많은 곳입니다. 과거를 상상하며 걸으며 둘러보기 좋은 곳이에요."
5.0,2023.05.27.,조선의 명실상부한 정궁
5.0,2023.05.25.,우리나라의 최고의 궁~~~
5.0,2023.05.17.,여기에 조선 총독부가 있었데요
5.0,2023.05.12.,역시나 미워할 수 없는 경복궁
5.0,2023.05.05.,국뽕이 차오른다~~
5.0,2023.05.04.,포토존
5.0,2023.05.03.,최고!!
5.0,2023.05.03.,고궁박물관은 입장료 무료
5.0,2023.01.26.,고궁의 웅장함에 압도되는 기분
5.0,2023.01.02.,"창덕궁과는 다르게 더 옛날 모습과 근대의 느낌이 같이 공존하는 곳 같습니다.
광화문부터 일직선으로 배치되어있는 건물들이 멋있습니다. 뒤쪽에 경회루 경치도 멋지구요."
5.0,2022.12.22.,"조선의 법궁으로 5대궁궐 중 가장 웅장하고, 권위적으로 보이는 것이 인상적이다. 특히 경회루의 풍경은 매우 우수하다."
2.0,2022.10.08.,경복궁은 항상 가보고 싶던 곳이라 좋았어요 근데 매표소에서 제일 왼쪽에서 입장료 결제하는 여자분 때문에 들어가기전부터 기분이 안좋았네요 아기 있는건 깜빡하고 어른 인원수만 얘기했다가 바로 애기도... 더보기
5.0,2022.09.26.,"임진왜란 소실. 
고종 흥선대원군 복원.... 더보기"
5.0,2022.09.15.,경복궁 체험하기 날씨 좋아요^^
5.0,2022.07.29.,"굉장히 넓어서 놀랐습니다! 산책하기 딱 좋고, 야경은 더 예쁩니다!"
5.0,2022.07.22.,최고
1.0,2022.07.16.,"차 가져가지마세요 차가져가시려거든 근처 다른곳에 주차하세요
40분 줄서서 기다리다 들여보내줘서
들어갔는데 자리없더군요 
그렇... 더보기"
5.0,2022.07.04.,언제나 좋다.야경이 더 좋네..
5.0,2022.06.14.,좋아요.
5.0,2022.05.11.,국뽕
5.0,2022.05.06.,경회루
5.0,2022.04.12.,국뽕에 차오름니다
5.0,2022.03.27.,좋아요
5.0,2022.03.19.,"별 1개 친일파, 친중파"
5.0,2022.03.14.,꽃피면 더 생각나는곳
5.0,2022.03.03.,경회루가 좋았어요
5.0,2022.01.02.,세번 네번 다섯번 들러도 항상 새롭고 우리나라만의 전통적인 매력을 뽐내주는 공간이네요. 한국 문화의 소중함을 깨닫게 해주는 궁궐
5.0,2021.12.18.,이뻐요 너무 데이트코스 짱 추천.
5.0,2021.11.21.,어릴때 와보고 다시 와보는데 정말 좋네요 야간개장했을때 경회루 정말 예뻐요
5.0,2021.10.03.,조와용 호호
5.0,2021.09.24.,우리 민족의 문화유산
5.0,2021.06.28.,너무나도 아름다운 우리의 문화유산
5.0,2021.06.01.,좋아요
5.0,2021.04.24.,대한민국 최고의 관광명소~~
5.0,2021.04.15.,좋아요
5.0,2021.02.25.,좋아요
4.0,2021.02.22.,경회루가 특히 아름답습니다!
5.0,2021.02.16.,경복궁 복원이 빨리 진행되길 기원합니다.
5.0,2021.02.15.,근정전 볼만함
5.0,2021.02.03.,최고
5.0,2021.01.27.,최고예요
5.0,2021.01.16.,무료개방 좋아여 광화문 거리 지나가다 심심하면 한 번씩 올 수 있네요
3.0,2021.01.15.,가볼만함
5.0,2021.01.12.,설명없는 별하나들 친일이지? ㅋ ♩♪♪들
1.0,2021.01.06.,들어 가지 마시오란 문구만 기억에 많다. 어서와 한국은 처음이지의 스위스친구들처럼 모르는 물건들이 덩그러니. 설명도 없고 깨끗해서 청소 할 필요도 없는데 관리비는 어디 지출이 되는건지. 장급들을... 더보기
5.0,2020.12.13.,예쁘고 좋아요.
5.0,2020.12.02.,ɢᴏᴏᴅ
5.0,2020.08.16.,Really good place
5.0,2020.08.03.,너무  아름다워요
5.0,2020.08.03.,아름답다
5.0,2020.08.03.,궁이 아름답다
4.0,2020.08.03.,궁이 아름답다
4.0,2020.05.03.,사진찍기도 좋구요. 주변에 화장실이 없어서 경복궁 입장권 끊고 화장실 간적도 있습니다..
5.0,2020.02.21.,쵝오
5.0,2020.02.11.,자금성보다 훨씬 멋있고 아담한 맛이 있다
5.0,2020.01.25.,대한민국의 첫 궁궐은 아닙니다만;;
4.0,2019.11.10.,"한옥을 좋아하지만, 전쟁한번 못해보고 나라를 통째로 빼앗긴 왕조를 생각하면 어처구니가 없어서 별점 하나 깎음."
5.0,2019.09.01.,"갈 때마다 가슴 벅차고 좋아요.
광화문이 너무 이쁘네요"
5.0,2019.08.28.,우리의 문화는 이렇게 아름답다. 갈때마다 가슴 벅찬 기분. 사랑합니다.
5.0,2019.08.20.,킹갓 경복궁
5.0,2019.07.21.,좋아요
5.0,2019.05.16.,"지려따리 왕노름 서울 한양 도읍 도성 사대문 안에 살면 정말 부자인기라. 평생의 소원이지만 현실은 충북 청주시 서원구 사직2동 전세 1,700만 원 만 조 깠다이기일원론 주성치 저우싱츠냐 승츠비냐 18"
5.0,2018.12.26.,"박물관 전시회 다니는것을 좋아하합니다
아주 최고네요  ~"
4.0,2018.11.30.,그나마 관리가 좀 되는곳
5.0,2018.11.07.,"1. 광화문에서 근정전에 이르는 길이 일직선 상에 놓여있어 경직된 느낌을 주지만 나름대로의 근엄함을 유지함
2. 광화문과 경회루등을 비롯한 궁궐의 다양한 전각과 ... 더보기"
5.0,2018.07.29.,어릴때 온곳..
5.0,2018.06.16.,"A must visit place! Many great spots to see, and it's also near many attractions."
5.0,2018.06.11.,일본에는 없은 것이 있는 멋있는 왕궁!!
4.0,2018.01.14.,위대한 유산.
4.0,2016.06.23.,"야간개장할때
가고프네.."
5.0,2016.05.26.,대한민국  최초의  궁궐ㅋ
5.0,2026.06.20.,"모든학교에서 진행했던 궁궐 달빛동행- 창경궁 프로그램에 참여하고 아이들도 어른들도 너무 만족해서 경복궁 프로그램을 신청했어요. 역시나 이번에도 대만족이었네요.
담당 ... 더보기"
5.0,2026.06.14.,해설사님도 경복궁도 정말 좋았습니다. 다음에 또 기회가 되면 다른 궁도 예약하려고 합니다. 아이들과 부모님 모두에게 좋은 추억이 됐습니다.
5.0,2026.06.01.,너무너무 유익했습니다!!!  황용천선생님 아이들이 흥미가질수 있게 퀴즈도 내시고 재밌는 역사이야기도 해주시고 더운데 고생많으셨어요~~! 담엔 덕수궁도 신청하려구여^^ 담에 또 뵙겠습니다!!
5.0,2026.06.01.,"우선적으로 설명해주시는 선생님
날이 덥고 햇빛이 강한데도
힘든 내색없이 끝까지 ... 더보기"
5.0,2026.05.24.,초3 아이와 아빠가 다녀왔는데 굉장히 만족도가 높아서 돌아왔습니다 선생님께서 설명을 잘해주셨고 목소리도 이해도가 높은톤이라고 하더라구요 너무 잘다녀와서 다음에 또 가고싶다고합니다
5.0,2026.05.21.,"작년에 덕수궁 야간 동행에 이어 두번째로 이번에는 경복궁 체험학습을 다녀왔어요~덕수궁이 너무 좋았어서 다시 신청했어요. 날씨는 비록 더웠지만 아이들은 한살씩 더 먹어서 설명에 대한 이해도도 높았고, 한복입은 외국... 더보기"
5.0,2026.05.21.,초등학교4학년아이와 방문했어요. 우리가 알지 못했던 역사 이야기와 우리나라의 아름다운 건축물을 배경으로 많은 추억을 남기고 왔습니다. 초등학생 자녀 있으신분들께 강추합니다~
5.0,2026.05.18.,선생님도 친절하시고~디테일한 설명까지 잘 해주셨어요.가족사진까지 열심히 찍어주시는 모습~감동이였답니다.더운날씨에 고생 많으셨습니다:)
5.0,2026.05.18.,날씨가 무더움에도 아이와 함께 너무 즐겁게 체험했어요- 황용천 선생님 진짜 너무 좋으셨어요- 이야기 해주시는것도 하나도 지루한거 없었고 아이들 세심하게 다 챙겨주시는 거 보고너무 감동이였답니다❤️아이와 좋은 추억 만들어 주셔서 감사합니다
5.0,2026.05.11.,해설사 선생님이 설명도 잘해주셔서 많이 배우며 경복궁을 제대로 관람했습니다. 날씨 좋은날 너무 즐거웠던 경복궁 투어였습니다.
5.0,2026.05.11.,"창경궁 창덕궁에 이어 경복궁도 참여했습니다
역사적 사실에 대한 설명을 함께 들으니 더 좋습니다"
5.0,2026.05.11.,"캔디샘덕분에 경복궁을 잘 즐기고 왔습니다!
자세한 설명과 아이들 눈높이에 맞춘 이야기 너무 좋았습니다 ^^"
5.0,2026.05.03.,"서울여행 첫코스 경복궁에 가서...아이들과 경복궁에대한 배경지식을 듣고 다니니 더 좋았습니다~~^^
그런데 도슨트시간을 수문장  교대식 아닌시간대로 하면 더 좋을듯 합니다..... 더보기"
5.0,2026.04.27.,"초등3학년 아이와 다녀왔습니다. 날씨가 더웠지만 그늘자리를 잘 아시는 선생님을 따라 이동하다 앉아서 설명을 잘 들었습니다. 중간중간에 아이 눈높이에 맞는 퀴즈도 내주시고 어렵지 않은 설명으로, 2시간... 더보기"
5.0,2026.04.26.,"박정원 선생님의 인솔로 100분간의 역사를 되짚어볼 수 있는 뜻깊은 시간이었습니다
아이들 역시 역사책 속에 있... 더보기"
5.0,2026.04.23.,"날씨도 덥고 관광객들도 많았지만, 선생님 설명이 귀에 쏙쏙들어왔고, 아이들 호응도 좋은건 당연했지만 역사를 까먹은 엄마에게도 큰 도움이 되었습니다. 관광객으로 북적거렸지만, 안전하고... 더보기"
5.0,2026.04.22.,"아는 만큼 보인다!!
경복궁을 가보았지만 지금까지 간 경복궁은 뭐였나싶었습니다. 선생님 강의를 들으면서 다니니 모르고 지나쳤... 더보기"
